family,is_attack,support,correct,false_positives,false_negatives,detection_rate,error_rate
BENIGN,False,1475258,520378,954880,0,0.352737,0.647263
DDOS ATTACKS-LOIC-HTTP,True,106973,65,0,106908,0.000608,0.999392
DDOS ATTACK-HOIC,True,22483,0,0,22483,0.0,1.0
DOS ATTACKS-HULK,True,19374,2206,0,17168,0.113864,0.886136
SSH-BRUTEFORCE,True,18043,5,0,18038,0.000277,0.999723
DOS ATTACKS-GOLDENEYE,True,8109,4173,0,3936,0.514613,0.485387
INFILTERATION,True,7027,4370,0,2657,0.621887,0.378113
BOT,True,2999,686,0,2313,0.228743,0.771257
DOS ATTACKS-SLOWLORIS,True,1709,948,0,761,0.55471,0.44529
DDOS ATTACK-LOIC-UDP,True,358,0,0,358,0.0,1.0
BRUTE FORCE -WEB,True,49,48,0,1,0.979592,0.020408
BRUTE FORCE -XSS,True,22,22,0,0,1.0,0.0
SQL INJECTION,True,15,13,0,2,0.866667,0.133333
